<?xml version="1.0" encoding="UTF-8"?>

<mule xmlns:http="http://www.mulesoft.org/schema/mule/http" xmlns:ee="http://www.mulesoft.org/schema/mule/ee/core"
	xmlns="http://www.mulesoft.org/schema/mule/core"
	xmlns:doc="http://www.mulesoft.org/schema/mule/documentation" xmlns:xsi="http://www.w3.org/2001/XMLSchema-instance" xsi:schemaLocation="http://www.mulesoft.org/schema/mule/core http://www.mulesoft.org/schema/mule/core/current/mule.xsd
http://www.mulesoft.org/schema/mule/ee/core http://www.mulesoft.org/schema/mule/ee/core/current/mule-ee.xsd
http://www.mulesoft.org/schema/mule/http http://www.mulesoft.org/schema/mule/http/current/mule-http.xsd">
	<flow name="get-graphql-api-Flow" doc:id="cce68719-5ed3-4dbe-a7b5-2379e6440482" >
		<logger level="INFO" doc:name="Flow Start" doc:id="960a7881-c00c-4624-a6fe-c7327d4de45b" message="#[vars.correlationId] | Get #[vars.flowname]  | Flow Start"/>
		<logger level="DEBUG" doc:name="Debug Api Request" doc:id="9c4b4a33-5b59-46a9-88a1-72342712f1e5" message="#[vars.correlationId] :: Get #[vars.flowname]  :: API Request #[payload]"/>
		<http:request method="${secure::dcu.http.gq.gmethod}" doc:name="Send graphQL API Request" doc:id="655a42dd-952e-4100-b8be-8286ba0d948b" config-ref="dcu-cms-http-config" path="${secure::dcu.http.gq.path.gqlSearch}" responseTimeout="${secure::dcu.http.cms.timeout.response}">
			<http:body ><![CDATA[#[""]]]></http:body>
			<http:query-params ><![CDATA[#[output application/java
---
{
	"query" : attributes.queryParams.query
}]]]></http:query-params>
		</http:request>
		<logger level="DEBUG" doc:name="Debug graphQL Api Response" doc:id="b6f7e22f-3ae3-470b-a2a9-84f73859645e" message="#[vars.correlationId] :: Get #[vars.flowname]  :: StatusCode: #[attributes.statusCode] :: Raw Response #[payload]"/>
		<logger level="INFO" doc:name="Flow Complete" doc:id="17d6c612-fc8a-4262-b087-d5681ae1a611" message="#[vars.correlationId] | Get #[vars.flowname]  | Flow Complete"/>
	</flow>
</mule>
