<?xml version="1.0" encoding="UTF-8"?>

<mule xmlns:compression="http://www.mulesoft.org/schema/mule/compression" xmlns:ee="http://www.mulesoft.org/schema/mule/ee/core"
	xmlns:http="http://www.mulesoft.org/schema/mule/http"
	xmlns="http://www.mulesoft.org/schema/mule/core" xmlns:doc="http://www.mulesoft.org/schema/mule/documentation" xmlns:xsi="http://www.w3.org/2001/XMLSchema-instance" xsi:schemaLocation="http://www.mulesoft.org/schema/mule/core http://www.mulesoft.org/schema/mule/core/current/mule.xsd
http://www.mulesoft.org/schema/mule/http http://www.mulesoft.org/schema/mule/http/current/mule-http.xsd
http://www.mulesoft.org/schema/mule/ee/core http://www.mulesoft.org/schema/mule/ee/core/current/mule-ee.xsd
http://www.mulesoft.org/schema/mule/compression http://www.mulesoft.org/schema/mule/compression/current/mule-compression.xsd">
	<flow name="get-elasticsearch-api-Flow" doc:id="be04b39f-9c20-4b82-a9d2-13a52ace9687" >
		<logger level="INFO" doc:name="Flow Start" doc:id="e3fae006-0794-4008-b5f1-23780228d6d2" message="#[vars.correlationId] | Get #[vars.flowname]  | Flow Start"/>
		<logger level="DEBUG" doc:name="Debug Api  Request" doc:id="4f0c2f54-95de-4ec6-bab4-ab014ac3bb16" message="#[vars.correlationId] :: Get #[vars.flowname] :: API Request #[vars.params]"/>
		<ee:transform doc:name="Check value of Size attribute in queryParameter" doc:id="4016b264-2923-4a87-a84a-2a92f4c4c8b8" >
			<ee:message >
			</ee:message>
			<ee:variables >
				<ee:set-variable variableName="modifiedQueryParam" ><![CDATA[%dw 2.0
var sourceParam = read(attributes.queryParams.source,'application/json')
output applicaion/json
---
sourceParam update
{
	case size at .size -> (if (size > Mule::p('secure::dcu.cms.req.size.con') as Number) Mule::p('secure::dcu.cms.req.size') as Number else size)
}]]></ee:set-variable>
			</ee:variables>
		</ee:transform>
		<set-variable value="#[write(vars.modifiedQueryParam, 'application/json') as String]" doc:name="Convert source queryparam to String" doc:id="1120374f-9d23-4700-8006-9e982dd9dc53" variableName="strQueryParam" />
		<http:request method="GET" doc:name="Send Elastic Search API Request" doc:id="c5b9303d-99cf-41c0-88ac-5f8a8b4601a2" config-ref="dcu-cms-http-config" path="#[vars.espath]" responseTimeout="${secure::dcu.http.cms.timeout.response}">
			<http:body ><![CDATA[#[""]]]></http:body>
			<http:query-params ><![CDATA[#[output application/java
---
{
	"source" : vars.strQueryParam,
	"source_content_type" : attributes.queryParams.source_content_type
}]]]></http:query-params>
		</http:request>
		<logger level="DEBUG" doc:name="Debug Elastic Search Api Response" doc:id="47d5735c-eb59-4f73-bb75-57f7b4d12b71" message="#[vars.correlationId] :: Get #[vars.flowname] :: StatusCode: #[attributes.statusCode] :: DCU #[vars.flowname]  Api Raw Response #[payload]"/>
		<logger level="INFO" doc:name="Flow Complete" doc:id="c7c28e3b-f109-413c-b535-456b1acd400e" message="#[vars.correlationId] | Get #[vars.flowname]  | Flow Complete"/>
	</flow>
</mule>
