<?xml version="1.0" encoding="UTF-8"?>

<mule xmlns:compression="http://www.mulesoft.org/schema/mule/compression" xmlns:ee="http://www.mulesoft.org/schema/mule/ee/core"
	xmlns:http="http://www.mulesoft.org/schema/mule/http"
	xmlns="http://www.mulesoft.org/schema/mule/core" xmlns:doc="http://www.mulesoft.org/schema/mule/documentation" xmlns:xsi="http://www.w3.org/2001/XMLSchema-instance" xsi:schemaLocation="http://www.mulesoft.org/schema/mule/core http://www.mulesoft.org/schema/mule/core/current/mule.xsd
http://www.mulesoft.org/schema/mule/http http://www.mulesoft.org/schema/mule/http/current/mule-http.xsd
http://www.mulesoft.org/schema/mule/ee/core http://www.mulesoft.org/schema/mule/ee/core/current/mule-ee.xsd
http://www.mulesoft.org/schema/mule/compression http://www.mulesoft.org/schema/mule/compression/current/mule-compression.xsd">
	<flow name="post-elasticsearch-api-Flow" doc:id="be04b39f-9c20-4b82-a9d2-13a52ace9687" >
		<logger level="INFO" doc:name="Flow Start" doc:id="e3fae006-0794-4008-b5f1-23780228d6d2" message="#[vars.correlationId] | Post #[vars.flowname]  | Flow Start"/>
		<logger level="DEBUG" doc:name="Debug Api Request" doc:id="4f0c2f54-95de-4ec6-bab4-ab014ac3bb16" message="#[vars.correlationId] :: Post #[vars.flowname] :: API Request :: #[payload]"/>
		<ee:transform doc:name="Transform Message" doc:id="aef6a44c-5591-4387-aef1-3a3deca903fc" >
			<ee:message >
				<ee:set-payload ><![CDATA[%dw 2.0
import * from dw::util::Values
output application/json
---
payload update "size" with (if (payload.size > p('secure::dcu.cms.req.size.con') as Number) p('secure::dcu.cms.req.size') as Number else payload.size)]]></ee:set-payload>
			</ee:message>
		</ee:transform>
		<http:request method="${secure::dcu.http.es.method}" doc:name="Send Elastic Search API Request" doc:id="c5b9303d-99cf-41c0-88ac-5f8a8b4601a2" config-ref="dcu-cms-http-config" path="#[vars.espath]">
			<http:headers ><![CDATA[#[output application/java
---
{
	"Accept" : attributes.headers.accept,
	"Accept-Encoding" : attributes.headers.'accept-encoding',
	"Content-Type" : attributes.headers.'content-type'
}]]]></http:headers>
		</http:request>
		<logger level="DEBUG" doc:name="Debug Elastic Search Api Response" doc:id="47d5735c-eb59-4f73-bb75-57f7b4d12b71" message="#[vars.correlationId] :: Post #[vars.flowname] :: StatusCode: #[attributes.statusCode] :: DCU #[vars.flowname]  Api Raw Response #[payload]"/>
		<logger level="INFO" doc:name="Flow Complete" doc:id="c7c28e3b-f109-413c-b535-456b1acd400e" message="#[vars.correlationId] | Post #[vars.flowname]  | Flow Complete"/>
	</flow>
</mule>
