<?xml version="1.0" encoding="UTF-8"?>

<mule xmlns:compression="http://www.mulesoft.org/schema/mule/compression" xmlns:ee="http://www.mulesoft.org/schema/mule/ee/core"
	xmlns:http="http://www.mulesoft.org/schema/mule/http"
	xmlns="http://www.mulesoft.org/schema/mule/core" xmlns:doc="http://www.mulesoft.org/schema/mule/documentation" xmlns:xsi="http://www.w3.org/2001/XMLSchema-instance" xsi:schemaLocation="http://www.mulesoft.org/schema/mule/core http://www.mulesoft.org/schema/mule/core/current/mule.xsd
http://www.mulesoft.org/schema/mule/http http://www.mulesoft.org/schema/mule/http/current/mule-http.xsd
http://www.mulesoft.org/schema/mule/ee/core http://www.mulesoft.org/schema/mule/ee/core/current/mule-ee.xsd
http://www.mulesoft.org/schema/mule/compression http://www.mulesoft.org/schema/mule/compression/current/mule-compression.xsd">
	<flow name="post-elasticSrch-api-Flow" doc:id="be04b39f-9c20-4b82-a9d2-13a52ace9687" >
		<logger level="INFO" doc:name="Flow Start" doc:id="e3fae006-0794-4008-b5f1-23780228d6d2" message="#[vars.correlationId] | Post elasticSrch  | Flow Start"/>
		<logger level="DEBUG" doc:name="Debug Api Request" doc:id="4f0c2f54-95de-4ec6-bab4-ab014ac3bb16" message="#[vars.correlationId] :: Post elasticSrch :: API Request #[payload]"/>
		<http:request method="GET" doc:name="Send Elastic Search API Request" doc:id="c5b9303d-99cf-41c0-88ac-5f8a8b4601a2" config-ref="dcu-cms-http-config" path="#[vars.espath]" responseTimeout="${secure::dcu.http.cms.timeout.response}">
			<http:body ><![CDATA[#[""]]]></http:body>
			<http:query-params ><![CDATA[#[output application/java
---
{
	"q" : attributes.queryParams.q,
	"size" : attributes.queryParams.size
}]]]></http:query-params>
		</http:request>
		<logger level="DEBUG" doc:name="Debug Elastic Search Api Response" doc:id="47d5735c-eb59-4f73-bb75-57f7b4d12b71" message="#[vars.correlationId] :: Post elasticSrch :: StatusCode: #[attributes.statusCode] :: DCU #[vars.flowname]  Api Raw Response #[payload]"/>
		<logger level="INFO" doc:name="Flow Complete" doc:id="c7c28e3b-f109-413c-b535-456b1acd400e" message="#[vars.correlationId] | Post elasticSrch  | Flow Complete"/>
	</flow>
</mule>
