{"_source":false,"from":0,"size":10,"sort":["subtype_index",{"grant_is_ongoing":"desc"},{"grant_date_range_sort.lte":{"order":"asc","mode":"min","nested":{"path":"grant_date_range_sort","filter":{"bool":{"must":[{"range":{"grant_date_range_sort.lte":{"gte":1716251447826}}},{"range":{"grant_date_range_sort.gte":{"lte":1716251447826}}}]}}},"missing":"_last"}},{"grant_date_range_sort.gte":{"order":"asc","mode":"min","nested":{"path":"grant_date_range_sort","filter":{"range":{"grant_date_range_sort.gte":{"gte":1716251447826}}}},"missing":"_last"}}],"query":{"bool":{"_name":"first_pass","must":{"match_all":{"boost":2}},"filter":[{"term":{"type":"grant"}},{"term":{"status":"true"}}]}},"fields":["title","subtype","status","url","field_summary","hero_media_id","grant_amount","grant_amount_max","grant_amount_min","grant_is_ongoing","grant_fund",{"field":"grant_date_range","format":"epoch_millis"},"grant_audience","grant_amount_text","grant_amount_single,"]}