<?xml version="1.0" encoding="UTF-8"?>
<mule xmlns:os="http://www.mulesoft.org/schema/mule/os" xmlns:api-gateway="http://www.mulesoft.org/schema/mule/api-gateway" 
xmlns="http://www.mulesoft.org/schema/mule/core" xmlns:tls="http://www.mulesoft.org/schema/mule/tls" 
xmlns:secure-properties="http://www.mulesoft.org/schema/mule/secure-properties" 
xmlns:apikit="http://www.mulesoft.org/schema/mule/mule-apikit" xmlns:doc="http://www.mulesoft.org/schema/mule/documentation" 
xmlns:ee="http://www.mulesoft.org/schema/mule/ee/core" xmlns:http="http://www.mulesoft.org/schema/mule/http" 
xmlns:xsi="http://www.w3.org/2001/XMLSchema-instance" xsi:schemaLocation="
http://www.mulesoft.org/schema/mule/core http://www.mulesoft.org/schema/mule/core/current/mule.xsd 
http://www.mulesoft.org/schema/mule/tls http://www.mulesoft.org/schema/mule/tls/current/mule-tls.xsd
http://www.mulesoft.org/schema/mule/http http://www.mulesoft.org/schema/mule/http/current/mule-http.xsd 
http://www.mulesoft.org/schema/mule/mule-apikit http://www.mulesoft.org/schema/mule/mule-apikit/current/mule-apikit.xsd 
http://www.mulesoft.org/schema/mule/ee/core http://www.mulesoft.org/schema/mule/ee/core/current/mule-ee.xsd 
http://www.mulesoft.org/schema/mule/secure-properties http://www.mulesoft.org/schema/mule/secure-properties/current/mule-secure-properties.xsd
http://www.mulesoft.org/schema/mule/api-gateway http://www.mulesoft.org/schema/mule/api-gateway/current/mule-api-gateway.xsd
http://www.mulesoft.org/schema/mule/os http://www.mulesoft.org/schema/mule/os/current/mule-os.xsd">

<!--     
    <apikit:config name="dcu-cms-exp-api-config" api="resource:9f2b699b-ce1b-4eae-b904-8416befa99a1:1.0.2:raml:zip:dcu-cms-exp-api.raml" outboundHeadersMapName="outboundHeaders" httpStatusVarName="httpStatus" />
-->

    <apikit:config name="dcu-cms-exp-api-config" api="dcu-cms-exp-api.raml" outboundHeadersMapName="outboundHeaders" httpStatusVarName="httpStatus" />

	<secure-properties:config name="Secure_Properties_Config" doc:name="Secure Properties Config" doc:id="7353364e-cf60-4943-beaf-7dffb544bc24" file="properties/${mule.env}.yaml" key="${secure.key}" doc:description="properties/${mule.env}.yaml, ${secure.key}">
		<secure-properties:encrypt algorithm="Blowfish" />
	</secure-properties:config>

	<tls:context name="TLS-Context">
		<tls:key-store type="jks" path="${secure::http.listener.keystore.path}" keyPassword="${secure::http.listener.keystore.keyPassword}" password="${secure::http.listener.keystore.keyStorePass}" alias="${secure::http.listener.keystore.alias}" />
	</tls:context>

	<http:listener-config name="dcu-cms-exp-api-httpListenerConfig" doc:name="HTTP Listener config" doc:id="80531466-1df6-4870-9e7e-2f9bc6de9dba" >
		<http:listener-connection host="${secure::http.listener.host}" port="${secure::http.listener.port}" protocol="HTTPS" tlsContext="TLS-Context" connectionIdleTimeout="${secure::http.listener.timeout.idle}"/>
	</http:listener-config>

	<configuration-properties doc:name="Common properties" doc:id="1f4361fd-13f5-4b8c-ba04-3f3b78e7866e" file="properties/common.yaml" />	

	<http:request-config name="captcha_httpRequestConfiguration" doc:name="HTTP Request configuration" doc:id="54ba7466-dc38-4381-8948-1dd9840562d7" responseTimeout="${secure::captcha.timeout.response}">
		<http:request-connection protocol="HTTPS" host="${secure::captcha.host}" port="${secure::captcha.port}" tlsContext="TLS-Context"/>
	</http:request-config>

	<http:request-config name="dcu-cms-proc-api_httpRequestConfiguration" doc:name="HTTP Request configuration" doc:id="73e9178e-87c9-44cb-8ff4-ae8c0fe3bafc" responseTimeout="${secure::dcu.cms.proc.timeout.response}">
		<http:request-connection protocol="HTTPS" host="${secure::dcu.cms.proc.host}" tlsContext="TLS-Context"/>
		<http:default-headers >
			<http:default-header key="client_id" value="${secure::dcu.cms.proc.client_id}" />
			<http:default-header key="client_secret" value="${secure::dcu.cms.proc.client_secret}" />
		</http:default-headers>
	</http:request-config>

 	<ee:object-store-caching-strategy name="GET_Caching_Strategy"  doc:name="Caching Strategy" doc:id="e02c6c85-a9f1-4a9f-af6c-2a4adb88f6a4" keyGenerationExpression="#[vars.requestUri]"     objectStore="Object_store"/>
	<ee:object-store-caching-strategy name="POST_Caching_Strategy" doc:name="Caching Strategy" doc:id="1c7dda2b-38d4-4266-ac8c-0977bcd866a0" keyGenerationExpression="#[vars.requestPayload]" objectStore="Object_store"/>
	<os:object-store name="Object_store" doc:name="Object store" doc:id="1d13895a-1688-4102-9fa0-a051ffb4466a" entryTtl="1" entryTtlUnit="DAYS" expirationIntervalUnit="DAYS" config-ref="ObjectStore_Config"/>
	<os:config name="ObjectStore_Config" doc:name="ObjectStore Config" doc:id="7354d31e-de1a-4053-8578-24058f9df2f1" />
		
	<api-gateway:autodiscovery apiId="${api.id}" ignoreBasePath="true" doc:name="API Autodiscovery" doc:id="831a30af-443c-4706-86f8-c152fa9c858f" flowRef="dcu-cms-exp-api-main" />
	
		   
</mule>
