<?xml version="1.0" encoding="UTF-8"?>

<mule xmlns:ee="http://www.mulesoft.org/schema/mule/ee/core" xmlns="http://www.mulesoft.org/schema/mule/core"
	xmlns:doc="http://www.mulesoft.org/schema/mule/documentation"
	xmlns:xsi="http://www.w3.org/2001/XMLSchema-instance" xsi:schemaLocation="http://www.mulesoft.org/schema/mule/core http://www.mulesoft.org/schema/mule/core/current/mule.xsd
http://www.mulesoft.org/schema/mule/ee/core http://www.mulesoft.org/schema/mule/ee/core/current/mule-ee.xsd">
	<sub-flow name="error-http-500-Impl" doc:id="95bd39fd-9494-4afe-9ff5-9d584e8a82f4" >
		<choice doc:name="Choice" doc:id="12692b57-13d4-4c43-b126-0ce5532d3064" >
			<when expression="#[vars.flowname == null]">
				<ee:transform doc:name="Transform Message" doc:id="c2a71886-2fc6-4e0f-8b33-5f16395c0ab2" >
					<ee:message >
						<ee:set-payload ><![CDATA[%dw 2.0
output application/json
---
{
  "agw-errorCode": 500,
  "error": error.errorType.identifier,
  "sourceSystem": p('app.name'),
  "errorMessage": "Error occurred while processing the request",
  "errorDescription": error.description
  
}]]></ee:set-payload>
					</ee:message>
				</ee:transform>
			</when>
			<otherwise >
				<ee:transform doc:name="Transform Message" doc:id="a95cf57b-1d5f-4b9d-bf60-f9e0d35bbb9e">
			<ee:message>
				<ee:set-payload resource="dwl/dcu/errors/500.dwl" />
			</ee:message>
		</ee:transform>
			</otherwise>
		</choice>
		<logger level="ERROR" doc:name="Log Error" doc:id="125a5a4c-73ce-4a6b-985f-389176ac3eb9" message="#[vars.correlationId] | Get #[vars.errorFlow] | Error Response : #[payload]" />
	</sub-flow>
</mule>
