<?xml version="1.0" encoding="UTF-8"?>

<mule xmlns:ee="http://www.mulesoft.org/schema/mule/ee/core" xmlns="http://www.mulesoft.org/schema/mule/core"
	xmlns:doc="http://www.mulesoft.org/schema/mule/documentation"
	xmlns:xsi="http://www.w3.org/2001/XMLSchema-instance" xsi:schemaLocation="http://www.mulesoft.org/schema/mule/core http://www.mulesoft.org/schema/mule/core/current/mule.xsd
http://www.mulesoft.org/schema/mule/ee/core http://www.mulesoft.org/schema/mule/ee/core/current/mule-ee.xsd">
	<sub-flow name="generate-variables" doc:id="7d24a539-ee97-470c-8c77-98b509869abb" >
		<choice doc:name="Choice" doc:id="fe99174b-10a1-406e-8457-3b6286d7a642" >
			<when expression="#[(p('mule.env') == &quot;dev&quot; and attributes.uriParams.'env' == &quot;prod&quot; ) or (p('mule.env') == &quot;prod&quot; and (attributes.uriParams.'env' == &quot;dev&quot; or attributes.uriParams.'env' == &quot;bvt&quot; or attributes.uriParams.'env' == &quot;stg&quot;))]">
				<raise-error doc:name="Raise error" doc:id="67e85368-5dd3-4f8b-bb82-b3701adb7c74" type="VALIDATION:INVALID_URI_PARAM" description="Invalid URI parameter is used for deployed environment."/>
			</when>
			<otherwise >
				<ee:transform doc:name="Transform Message" doc:id="bfa015aa-b178-48d1-9473-c06384983bcb">
			<ee:message>
			</ee:message>
			<ee:variables>
				<ee:set-variable variableName="correlationId"><![CDATA[if (attributes.headers.'x-correlation-id' != null) attributes.headers.'x-correlation-id'
else uuid()]]></ee:set-variable>
				<ee:set-variable variableName="cms_uri_path"><![CDATA[if(attributes.requestUri contains("elasticSearch")) attributes.uriParams.'env' ++ p('secure::dcu.http.sys.path.es')
else if(attributes.requestUri contains("graphql")) attributes.uriParams.'env' ++ p('secure::dcu.http.sys.path.gql')
else "INVALID-CMS-URI-PARM"]]></ee:set-variable>
				<ee:set-variable variableName="flowname"><![CDATA[if(attributes.requestUri contains("elasticSearch")) "ElasticSearch"
else if(attributes.requestUri contains("graphql")) "GraphQL"
else "CMS-UNKNOWN-FLOWNAME"]]></ee:set-variable>
			</ee:variables>
		</ee:transform>
			</otherwise>
		</choice>
	</sub-flow>
</mule>
