<?xml version="1.0" encoding="UTF-8"?>

<mule xmlns:tls="http://www.mulesoft.org/schema/mule/tls"
	xmlns:api-gateway="http://www.mulesoft.org/schema/mule/api-gateway" xmlns:secure-properties="http://www.mulesoft.org/schema/mule/secure-properties"
	xmlns:http="http://www.mulesoft.org/schema/mule/http"
	xmlns="http://www.mulesoft.org/schema/mule/core" xmlns:doc="http://www.mulesoft.org/schema/mule/documentation" xmlns:xsi="http://www.w3.org/2001/XMLSchema-instance" xsi:schemaLocation="
http://www.mulesoft.org/schema/mule/http http://www.mulesoft.org/schema/mule/http/current/mule-http.xsd http://www.mulesoft.org/schema/mule/core http://www.mulesoft.org/schema/mule/core/current/mule.xsd
http://www.mulesoft.org/schema/mule/secure-properties http://www.mulesoft.org/schema/mule/secure-properties/current/mule-secure-properties.xsd
http://www.mulesoft.org/schema/mule/api-gateway http://www.mulesoft.org/schema/mule/api-gateway/current/mule-api-gateway.xsd
http://www.mulesoft.org/schema/mule/tls http://www.mulesoft.org/schema/mule/tls/current/mule-tls.xsd">
	   <http:listener-config name="dcu-cms-proc-api-httpListener">
        <http:listener-connection host="${secure::https.host}" port="${secure::https.port}" connectionIdleTimeout="${secure::http.listener.timeout.connectionidle}" protocol="HTTPS">
			<tls:context >
				<tls:key-store type="jks" path="dcu-cms-process-api.jks" alias="${secure::keystore.alias}" keyPassword="${secure::keystore.key.password}" password="${secure::keystore.password}" />
			</tls:context>
		</http:listener-connection>
    </http:listener-config>
	<http:request-config name="dcu-sys-http-config" doc:name="HTTP Request configuration" doc:id="1b31c8ad-3f5d-4d66-83b4-f1f66cec246a" basePath="${secure::dcu.http.sys.path.base}" responseTimeout="${secure::dcu.http.sys.timeout.response}" >
		<http:request-connection protocol="${secure::dcu.http.sys.protocol}" host="${secure::dcu.http.sys.host}" port="${secure::dcu.http.sys.port}" connectionIdleTimeout="${secure::dcu.http.sys.timeout.connectionidle}" >
			<tls:context >
				<tls:trust-store path="proc-api-ts.jks" type="jks" password="${secure::keystore.password}"/>
			</tls:context>
		</http:request-connection>
	</http:request-config>
	<api-gateway:autodiscovery apiId="${api.id}" ignoreBasePath="true" doc:name="API Autodiscovery" doc:id="49944f8b-9c48-4862-a2cf-b6090689f5fe" flowRef="dcu-cms-process-api-main" />
	<secure-properties:config name="Secure_Properties_Config" doc:name="Secure Properties Config" doc:id="e3520f88-034d-4818-9acb-54ad562578db" file="properties/${mule.env}.properties" key="${secure.key}"/>
	
</mule>
