<?xml version="1.0" encoding="UTF-8"?>

<mule xmlns:ee="http://www.mulesoft.org/schema/mule/ee/core" xmlns="http://www.mulesoft.org/schema/mule/core"
	xmlns:doc="http://www.mulesoft.org/schema/mule/documentation"
	xmlns:xsi="http://www.w3.org/2001/XMLSchema-instance" xsi:schemaLocation="http://www.mulesoft.org/schema/mule/core http://www.mulesoft.org/schema/mule/core/current/mule.xsd
http://www.mulesoft.org/schema/mule/ee/core http://www.mulesoft.org/schema/mule/ee/core/current/mule-ee.xsd">
	<sub-flow name="generate-variables-Flow" doc:id="7d24a539-ee97-470c-8c77-98b509869abb" >
		<choice doc:name="Choice" doc:id="88e7875d-3532-4e7f-abbd-581f2b949de4" >
			<when expression="#[(p('mule.env') == &quot;dev&quot; and attributes.uriParams.'env' == &quot;prod&quot; )&#10;or &#10;(&#10;    p('mule.env') == &quot;prod&quot; &#10;	and &#10;    (&#10;	  attributes.uriParams.'env' == &quot;dev&quot; &#10; 	  or attributes.uriParams.'env' == &quot;bvt&quot; &#10; 	  or attributes.uriParams.'env' == &quot;stg&quot;&#10;    )&#10;)]">
				<raise-error doc:name="Raise error" doc:id="4748726d-52e7-48e4-9e31-8bde67e62b49" type="VALIDATION:INVALID_URI_PARAM" description="Invalid URI parameter is used for deployed environment."/>
			</when>
			<otherwise >
				<ee:transform doc:name="Transform Message" doc:id="2929593c-0a86-4abd-808b-1102c517a075">
			<ee:message>
			</ee:message>
			<ee:variables>
				                <ee:set-variable variableName="env"><![CDATA[attributes.uriParams.'env']]></ee:set-variable>
				<ee:set-variable variableName="correlationId"><![CDATA[if (attributes.headers.'x-correlation-id' != null) attributes.headers.'x-correlation-id'
else uuid()]]></ee:set-variable>
				<ee:set-variable variableName="cmsHostName"><![CDATA[if(p('mule.env') == "dev")
	if(attributes.uriParams.'env' == "bvt") p('secure::dcu.http.cms.bvt.host')
	else if(attributes.uriParams.'env' == "dev") p('secure::dcu.http.cms.dev.host')
	else if(attributes.uriParams.'env' == "stg") p('secure::dcu.http.cms.stg.host')
	else "INVALID_URI_PAR_DEV<>" ++ attributes.uriParams.'env'
else if (p('mule.env')=="prod")
	if(attributes.uriParams.'env' == "prod") p('secure::dcu.http.cms.prod.host')
    else "INVALID_URI_PAR_PROD<>" ++ attributes.uriParams.'env'
else "INVALID_PROPERTY_FILE<>" ++ p('mule.env')]]></ee:set-variable>
				<ee:set-variable variableName="flowname"><![CDATA[if(attributes.requestUri contains("elasticSearch")) "ElasticSeach"
else if(attributes.requestUri contains("graphql")) "GraphQL"
else "Unknown-FlowName"]]></ee:set-variable>
						<ee:set-variable variableName="espath"><![CDATA[if(attributes.headers.indexString != null) p('secure::dcu.http.es.path') ++ attributes.headers.indexString ++ "/_search"
else  "IndexString-IS-NULL" ]]></ee:set-variable>
			</ee:variables>
		</ee:transform>
			</otherwise>
		</choice>
	</sub-flow>
</mule>
