<?xml version="1.0" encoding="UTF-8"?>

<mule xmlns:tls="http://www.mulesoft.org/schema/mule/tls"
	xmlns:api-gateway="http://www.mulesoft.org/schema/mule/api-gateway" xmlns:secure-properties="http://www.mulesoft.org/schema/mule/secure-properties"
	xmlns:http="http://www.mulesoft.org/schema/mule/http"
	xmlns="http://www.mulesoft.org/schema/mule/core" xmlns:doc="http://www.mulesoft.org/schema/mule/documentation" xmlns:xsi="http://www.w3.org/2001/XMLSchema-instance" xsi:schemaLocation="
http://www.mulesoft.org/schema/mule/http http://www.mulesoft.org/schema/mule/http/current/mule-http.xsd http://www.mulesoft.org/schema/mule/core http://www.mulesoft.org/schema/mule/core/current/mule.xsd
http://www.mulesoft.org/schema/mule/secure-properties http://www.mulesoft.org/schema/mule/secure-properties/current/mule-secure-properties.xsd
http://www.mulesoft.org/schema/mule/api-gateway http://www.mulesoft.org/schema/mule/api-gateway/current/mule-api-gateway.xsd
http://www.mulesoft.org/schema/mule/tls http://www.mulesoft.org/schema/mule/tls/current/mule-tls.xsd">
	  
	   
	<http:listener-config name="dcu-cms-sys-api-httpListenerConfig">
        <http:listener-connection host="${secure::https.host}" port="${secure::https.port}" connectionIdleTimeout="${secure::http.listener.timeout.connectionidle}" protocol="HTTPS">
			<tls:context >
				<tls:key-store type="jks" path="keystores/dcu-plat-sys-api.jks" alias="${secure::keystore.alias}" keyPassword="${secure::keystore.key.password}" password="${secure::keystore.password}" />
			</tls:context>
		</http:listener-connection>
    </http:listener-config>
    
	<http:request-config name="dcu-cms-http-config" doc:name="HTTP Request configuration" doc:id="1b31c8ad-3f5d-4d66-83b4-f1f66cec246a" basePath="${secure::dcu.http.cms.path.base}" responseTimeout="${secure::dcu.http.cms.timeout.response}" >
		<http:request-connection protocol="${secure::dcu.http.cms.protocol}" host="#[vars.cmsHostName]" port="${secure::dcu.http.cms.port}" connectionIdleTimeout="${secure::dcu.http.cms.timeout.connectionidle}" >
			<http:authentication >
				<http:basic-authentication username="${secure::dcu.http.cms.bauth.username}" password="${secure::dcu.http.cms.bauth.password}" />
			</http:authentication>
		</http:request-connection>
	</http:request-config>
	
	<secure-properties:config name="Secure_Properties_Config" doc:name="Secure Properties Config" doc:id="61fb5ee2-1580-4cde-ae31-970eb2077f91" file="properties/${mule.env}.properties" key="${secure.key}" />
	
	<api-gateway:autodiscovery apiId="${api.id}" ignoreBasePath="true" doc:name="API Autodiscovery" doc:id="49944f8b-9c48-4862-a2cf-b6090689f5fe" flowRef="dcu-cms-sys-api-main" />
	
</mule>
