<?xml version="1.0" encoding="UTF-8"?>
<mule xmlns="http://www.mulesoft.org/schema/mule/core" xmlns:apikit="http://www.mulesoft.org/schema/mule/mule-apikit" xmlns:compression="http://www.mulesoft.org/schema/mule/compression" xmlns:doc="http://www.mulesoft.org/schema/mule/documentation" xmlns:ee="http://www.mulesoft.org/schema/mule/ee/core" xmlns:http="http://www.mulesoft.org/schema/mule/http" xmlns:xsi="http://www.w3.org/2001/XMLSchema-instance" xsi:schemaLocation="http://www.mulesoft.org/schema/mule/core http://www.mulesoft.org/schema/mule/core/current/mule.xsd http://www.mulesoft.org/schema/mule/http http://www.mulesoft.org/schema/mule/http/current/mule-http.xsd http://www.mulesoft.org/schema/mule/mule-apikit http://www.mulesoft.org/schema/mule/mule-apikit/current/mule-apikit.xsd http://www.mulesoft.org/schema/mule/ee/core http://www.mulesoft.org/schema/mule/ee/core/current/mule-ee.xsd  http://www.mulesoft.org/schema/mule/compression http://www.mulesoft.org/schema/mule/compression/current/mule-compression.xsd">
    <apikit:config name="dcu-cms-process-api-config" api="dcu-cms-process-api.raml" outboundHeadersMapName="outboundHeaders" httpStatusVarName="httpStatus" />
    <flow name="dcu-cms-process-api-main">
        <http:listener config-ref="dcu-cms-proc-api-httpListener" path="/*">
            <http:response statusCode="#[vars.httpStatus default 200]">
                <http:headers><![CDATA[#[vars.sysHeaders]]]></http:headers>
            </http:response>
            <http:error-response statusCode="#[vars.httpStatus default 500]">
                <http:body><![CDATA[#[payload]]]></http:body>
                <http:headers><![CDATA[#[vars.outboundHeaders default {}]]]></http:headers>
            </http:error-response>
        </http:listener>
        <apikit:router doc:name="APIkit Router" doc:id="c35d49a5-ccc5-4a94-ab29-e57ef88ef518" config-ref="dcu-cms-process-api-config" />
        <error-handler>
            <on-error-propagate type="APIKIT:BAD_REQUEST" doc:name="Bad_Request_Error">
                <ee:transform doc:name="Transform Message">
                    <ee:message>
                        <ee:set-payload resource="dwl/dcu/errors/400.dwl" />
                    </ee:message>
                    <ee:variables>
                        <ee:set-variable variableName="httpStatus"><![CDATA[400]]></ee:set-variable>
                    </ee:variables>
                </ee:transform>
            </on-error-propagate>
            <on-error-propagate type="APIKIT:NOT_FOUND" doc:name="Not_Found_Error">
                <ee:transform doc:name="Transform Message">
                    <ee:message>
                        <ee:set-payload resource="dwl/dcu/errors/404.dwl" />
                    </ee:message>
                    <ee:variables>
                        <ee:set-variable variableName="httpStatus"><![CDATA[404]]></ee:set-variable>
                    </ee:variables>
                </ee:transform>
            </on-error-propagate>
            <on-error-propagate type="APIKIT:METHOD_NOT_ALLOWED" doc:name="Method_Not_Found_Error">
                <ee:transform doc:name="Transform Message">
                    <ee:message>
                        <ee:set-payload resource="dwl/dcu/errors/405.dwl" />
                    </ee:message>
                    <ee:variables>
                        <ee:set-variable variableName="httpStatus"><![CDATA[405]]></ee:set-variable>
                    </ee:variables>
                </ee:transform>
            </on-error-propagate>
            <on-error-propagate type="APIKIT:NOT_ACCEPTABLE" doc:name="Not_Acceptable_Error">
                <ee:transform doc:name="Transform Message">
                    <ee:message>
                        <ee:set-payload resource="dwl/dcu/errors/406.dwl" />
                    </ee:message>
                    <ee:variables>
                        <ee:set-variable variableName="httpStatus"><![CDATA[406]]></ee:set-variable>
                    </ee:variables>
                </ee:transform>
            </on-error-propagate>
            <on-error-propagate type="APIKIT:UNSUPPORTED_MEDIA_TYPE" doc:name="Unsupported_Media_Type_Error">
                <ee:transform doc:name="Transform Message">
                    <ee:message>
                        <ee:set-payload resource="dwl/dcu/errors/415.dwl" />
                    </ee:message>
                    <ee:variables>
                        <ee:set-variable variableName="httpStatus"><![CDATA[415]]></ee:set-variable>
                    </ee:variables>
                </ee:transform>
            </on-error-propagate>
            <on-error-propagate type="APIKIT:NOT_IMPLEMENTED" doc:name="Not_Implemented_Error">
                <ee:transform doc:name="Transform Message">
                    <ee:message>
                        <ee:set-payload resource="dwl/dcu/errors/501.dwl" />
                    </ee:message>
                    <ee:variables>
                        <ee:set-variable variableName="httpStatus"><![CDATA[501]]></ee:set-variable>
                    </ee:variables>
                </ee:transform>
            </on-error-propagate>
        </error-handler>
    </flow>
    <flow name="dcu-cms-process-api-console">
        <http:listener config-ref="dcu-cms-proc-api-httpListener" path="/console/*">
            <http:response statusCode="#[vars.httpStatus default 200]">
                <http:headers><![CDATA[#[vars.outboundHeaders default {}]]]></http:headers>
            </http:response>
            <http:error-response statusCode="#[vars.httpStatus default 500]">
                <http:body><![CDATA[#[payload]]]></http:body>
                <http:headers><![CDATA[#[vars.outboundHeaders default {}]]]></http:headers>
            </http:error-response>
        </http:listener>
        <apikit:console config-ref="dcu-cms-process-api-config" />
        <error-handler>
            <on-error-propagate type="APIKIT:NOT_FOUND" doc:name="Not_Found_Error">
                <ee:transform doc:name="Transform Message">
                    <ee:message>
                        <ee:set-payload resource="dwl/dcu/errors/404.dwl" />
                    </ee:message>
                    <ee:variables>
                        <ee:set-variable variableName="httpStatus"><![CDATA[404]]></ee:set-variable>
                    </ee:variables>
                </ee:transform>
            </on-error-propagate>
        </error-handler>
    </flow>
    <flow name="post:\cms\v1\(env)\elasticSearch:application\json:dcu-cms-process-api-config">
        <flow-ref doc:name="Call Generate Variable Impl" doc:id="0fef2565-9f7b-4253-a5fd-55d0db5aba6d" name="generate-variables" />
        <flow-ref doc:name="Call Sys ES Impl" doc:id="c37b564e-bd2a-4e92-b2bb-dcf5bb4d5ae4" name="post-elasticsearch-sys-api-Flow" />
        <error-handler>
            <on-error-propagate enableNotifications="true" logException="true" doc:name="Invalid_URI_PARAM Error" doc:id="01a21759-bd01-42b9-9549-2d9b977b3601" type="VALIDATION:INVALID_URI_PARAM">
                <flow-ref doc:name="call invalid-uri-param error" doc:id="c097c5ec-407d-4b95-a990-583ed3950b41" name="error_invalid_uri_paramSub_Flow" />
            </on-error-propagate>
            <on-error-propagate enableNotifications="true" logException="true" doc:name="Capture_Any_Error" doc:id="37802a08-9660-4de3-a774-a973ade92756" type="ANY">
                <flow-ref doc:name="Call http500" doc:id="a41eee68-bfc0-4396-8a64-3f41273a3281" name="error-http-500-Impl" />
            </on-error-propagate>
        </error-handler>
    </flow>
    <flow name="post:\cms\v1\(env)\graphql:application\json:dcu-cms-process-api-config">
        <flow-ref doc:name="Call Generate Variable Impl" doc:id="d0d32e6f-942f-4cf5-9621-ee2d06246806" name="generate-variables" />
        <flow-ref doc:name="Call Sys GQL Impl" doc:id="00a5e04f-5ba0-4c59-8a84-8c2d4e9d63d6" name="post-graphql-api-Flow" />
        <error-handler>
            <on-error-propagate enableNotifications="true" logException="true" doc:name="Invalid_URI_PARAM Error" doc:id="05d0e216-e4c7-4fa4-9a25-b8da2f2eeef8" type="VALIDATION:INVALID_URI_PARAM">
                <flow-ref doc:name="call invalid-uri-param error" doc:id="540e1a6f-c6c2-483e-a7fa-aad7c4ed1df3" name="error_invalid_uri_paramSub_Flow" />
            </on-error-propagate>
            <on-error-propagate enableNotifications="true" logException="true" doc:name="Capture_Any_Error" doc:id="0e2913ad-0e6e-4b19-a47d-bb4e406eca0b" type="ANY">
                <flow-ref doc:name="Call http500" doc:id="ce078cd6-037b-4796-a5a2-2d74c205a4ec" name="error-http-500-Impl" />
            </on-error-propagate>
        </error-handler>
    </flow>
    <flow name="get:\cms\v1\(env)\elasticSearch:dcu-cms-process-api-config">
        <flow-ref doc:name="Call Generate Variable Impl" doc:id="fa4f453e-90b4-4109-a923-a8737d7ab43a" name="generate-variables" />
        <flow-ref doc:name="Call Sys ES Impl" doc:id="9edc95b9-5056-469e-97ab-2a2973f4cdc2" name="get-elasticsearch-sys-api-Flow" />
        <error-handler>
            <on-error-propagate enableNotifications="true" logException="true" doc:name="Invalid_URI_PARAM Error" doc:id="ff84441a-2f9a-4273-99ff-d7339e315f82" type="VALIDATION:INVALID_URI_PARAM">
                <flow-ref doc:name="call invalid-uri-param error" doc:id="13270c05-d7f0-400d-8e7f-60e0337fab25" name="error_invalid_uri_paramSub_Flow" />
            </on-error-propagate>
            <on-error-propagate enableNotifications="true" logException="true" doc:name="Capture_Any_Error" doc:id="6dcca92e-a8a3-4351-a011-dabe6ae54706" type="ANY">
                <flow-ref doc:name="Call http500" doc:id="26c56a80-460e-44f0-aeb8-6fbc874a1554" name="error-http-500-Impl" />
            </on-error-propagate>
        </error-handler>
    </flow>
    <flow name="get:\health:dcu-cms-process-api-config">
        <set-payload value="&quot;Healthy&quot;" doc:name="Return healthy string" doc:id="a91a2ff0-32b8-48ba-b5bb-ffbb056ed0c9" />
    </flow>
    <flow name="get:\cms\v1\(env)\graphql:dcu-cms-process-api-config" doc:id="ac3614ea-7535-4642-b390-cf63f261d8d8">
        <flow-ref doc:name="Call Generate Variable Impl" doc:id="59b085e5-1054-48ee-a8b9-825b468f767d" name="generate-variables" />
        <flow-ref doc:name="Call Sys GQL Impl" doc:id="6a20d7b6-26ec-4edb-9903-12f679baa12f" name="get-graphql-sys-api-Flow" />
        <error-handler>
            <on-error-propagate enableNotifications="true" logException="true" doc:name="Invalid_URI_PARAM Error" doc:id="9a23cb6b-45dc-4e12-a18e-cc9396a573ef" type="VALIDATION:INVALID_URI_PARAM">
                <flow-ref doc:name="call invalid-uri-param error" doc:id="6e349269-f4db-4f02-95a4-e921a99011fa" name="error_invalid_uri_paramSub_Flow" />
            </on-error-propagate>
            <on-error-propagate enableNotifications="true" logException="true" doc:name="Capture_Any_Error" doc:id="cb8b0476-161a-4080-bb71-dd79fd3a28f0" type="ANY">
                <flow-ref doc:name="Call http500" doc:id="61244a76-60bd-4709-9bf3-9c742b300aa6" name="error-http-500-Impl" />
            </on-error-propagate>
        </error-handler>
    </flow>
</mule>
