<?xml version="1.0" encoding="UTF-8"?>
<mule xmlns="http://www.mulesoft.org/schema/mule/core" xmlns:apikit="http://www.mulesoft.org/schema/mule/mule-apikit" xmlns:doc="http://www.mulesoft.org/schema/mule/documentation" xmlns:ee="http://www.mulesoft.org/schema/mule/ee/core" xmlns:http="http://www.mulesoft.org/schema/mule/http" xmlns:xsi="http://www.w3.org/2001/XMLSchema-instance" xsi:schemaLocation="http://www.mulesoft.org/schema/mule/core http://www.mulesoft.org/schema/mule/core/current/mule.xsd http://www.mulesoft.org/schema/mule/http http://www.mulesoft.org/schema/mule/http/current/mule-http.xsd http://www.mulesoft.org/schema/mule/mule-apikit http://www.mulesoft.org/schema/mule/mule-apikit/current/mule-apikit.xsd http://www.mulesoft.org/schema/mule/ee/core http://www.mulesoft.org/schema/mule/ee/core/current/mule-ee.xsd ">
    <apikit:config name="dcu-cms-sys-api-config" api="dcu-cms-sys-api.raml" outboundHeadersMapName="outboundHeaders" httpStatusVarName="httpStatus" queryParamsStrictValidation="true" />
    <flow name="dcu-cms-sys-api-main">
        <http:listener config-ref="dcu-cms-sys-api-httpListenerConfig" path="/*">
            <http:response statusCode="#[vars.httpStatus default 200]">
                <http:headers><![CDATA[#[attributes.headers]]]></http:headers>
            </http:response>
            <http:error-response statusCode="#[vars.httpStatus default 500]">
                <http:body><![CDATA[#[payload]]]></http:body>
                <http:headers><![CDATA[#[vars.outboundHeaders default {}]]]></http:headers>
            </http:error-response>
        </http:listener>
        <apikit:router config-ref="dcu-cms-sys-api-config" />
        <error-handler>
            <on-error-propagate type="APIKIT:BAD_REQUEST" doc:name="Bad_Request_Error">
                <ee:transform doc:name="Transform Message">
                    <ee:message>
                        <ee:set-payload resource="dwl/dcu/errors/400.dwl" />
                    </ee:message>
                    <ee:variables>
                        <ee:set-variable variableName="httpStatus"><![CDATA[400]]></ee:set-variable>
                    </ee:variables>
                </ee:transform>
            </on-error-propagate>
            <on-error-propagate type="APIKIT:NOT_FOUND" doc:name="Not_Found_Error">
                <ee:transform doc:name="Transform Message">
                    <ee:message>
                        <ee:set-payload resource="dwl/dcu/errors/404.dwl" />
                    </ee:message>
                    <ee:variables>
                        <ee:set-variable variableName="httpStatus"><![CDATA[404]]></ee:set-variable>
                    </ee:variables>
                </ee:transform>
            </on-error-propagate>
            <on-error-propagate type="APIKIT:METHOD_NOT_ALLOWED" doc:name="Method_Not_Allowed_Error">
                <ee:transform doc:name="Transform Message">
                    <ee:message>
                        <ee:set-payload resource="dwl/dcu/errors/405.dwl" />
                    </ee:message>
                    <ee:variables>
                        <ee:set-variable variableName="httpStatus"><![CDATA[405]]></ee:set-variable>
                    </ee:variables>
                </ee:transform>
            </on-error-propagate>
            <on-error-propagate type="APIKIT:NOT_ACCEPTABLE" doc:name="Not_Acceptable_Error">
                <ee:transform doc:name="Transform Message">
                    <ee:message>
                        <ee:set-payload resource="dwl/dcu/errors/406.dwl" />
                    </ee:message>
                    <ee:variables>
                        <ee:set-variable variableName="httpStatus"><![CDATA[406]]></ee:set-variable>
                    </ee:variables>
                </ee:transform>
            </on-error-propagate>
            <on-error-propagate type="APIKIT:UNSUPPORTED_MEDIA_TYPE" doc:name="Unsupported_Media_Type_Error">
                <ee:transform doc:name="Transform Message">
                    <ee:message>
                        <ee:set-payload resource="dwl/dcu/errors/415.dwl" />
                    </ee:message>
                    <ee:variables>
                        <ee:set-variable variableName="httpStatus"><![CDATA[415]]></ee:set-variable>
                    </ee:variables>
                </ee:transform>
            </on-error-propagate>
            <on-error-propagate type="APIKIT:NOT_IMPLEMENTED" doc:name="Not_Implemented_Error">
                <ee:transform doc:name="Transform Message">
                    <ee:message>
                        <ee:set-payload resource="dwl/dcu/errors/501.dwl" />
                    </ee:message>
                    <ee:variables>
                        <ee:set-variable variableName="httpStatus"><![CDATA[501]]></ee:set-variable>
                    </ee:variables>
                </ee:transform>
            </on-error-propagate>
        </error-handler>
    </flow>
    <flow name="dcu-cms-sys-api-console">
        <http:listener config-ref="dcu-cms-sys-api-httpListenerConfig" path="/console/*">
            <http:response statusCode="#[vars.httpStatus default 200]">
                <http:headers>#[vars.outboundHeaders default {}]</http:headers>
            </http:response>
            <http:error-response statusCode="#[vars.httpStatus default 500]">
                <http:body>#[payload]</http:body>
                <http:headers>#[vars.outboundHeaders default {}]</http:headers>
            </http:error-response>
        </http:listener>
        <apikit:console config-ref="dcu-cms-sys-api-config" />
        <error-handler>
            <on-error-propagate type="APIKIT:NOT_FOUND" doc:name="Not_Found_Error">
                <ee:transform doc:name="Transform Message">
                    <ee:message>
                        <ee:set-payload resource="dwl/dcu/errors/404.dwl" />
                    </ee:message>
                    <ee:variables>
                        <ee:set-variable variableName="httpStatus"><![CDATA[404]]></ee:set-variable>
                    </ee:variables>
                </ee:transform>
            </on-error-propagate>
        </error-handler>
    </flow>
    <flow name="post:\cms\v1\(env)\elasticSearch:dcu-cms-sys-api-config">
        <flow-ref doc:name="Call Variables module" doc:id="8c47755c-6ec3-4ba7-95e1-27a58ff2047b" name="generate-variables-Flow" />
        <flow-ref doc:name="Call ES Impl" doc:id="80556e08-759c-42c3-b3e0-318d580ee928" name="post-elasticsearch-api-Flow" />
        <error-handler>
            <on-error-propagate enableNotifications="true" logException="true" doc:name="Invalid_Uri_Param_Error" doc:id="43af37d0-939e-419c-a56a-6ba0472afe74" type="VALIDATION:INVALID_URI_PARAM">
                <flow-ref doc:name="call invalid-uri-param error" doc:id="ea75dc5b-d060-424b-abef-86f2b53c813a" name="error-invalid-uri-paramSub_Flow" />
            </on-error-propagate>
            <on-error-propagate enableNotifications="true" logException="true" doc:name="Capture_Any_Error" doc:id="56f12e40-71b6-45f4-914a-4be25a03ce99" type="ANY">
                <flow-ref doc:name="call http500" doc:id="5bf66972-5679-4ab5-8127-c890c1b1555b" name="error-http-500-Impl-Flow" />
            </on-error-propagate>
        </error-handler>
    </flow>
    <flow name="post:\cms\v1\(env)\graphql:dcu-cms-sys-api-config">
        <flow-ref doc:name="Call Variables module" doc:id="f36d5b75-9197-4d08-aa66-25c570779e63" name="generate-variables-Flow" />
        <flow-ref doc:name="Call GQL Impl" doc:id="283ade89-c4c0-488b-96e6-ba67d28d9d77" name="post-graphql-api-Flow" />
        <error-handler>
            <on-error-propagate enableNotifications="true" logException="true" doc:name="Invalid_Uri_Param_Error" doc:id="83da9bc2-3f74-4eac-87ea-c49dbefd9198" type="VALIDATION:INVALID_URI_PARAM">
                <flow-ref doc:name="call invalid-uri-param error" doc:id="e4d01e38-9858-42ea-8049-d35a2507ae08" name="error-invalid-uri-paramSub_Flow" />
            </on-error-propagate>
            <on-error-propagate enableNotifications="true" logException="true" doc:name="Capture_Any_Error" doc:id="571d2093-825e-498b-b0e5-4bdf03d63935" type="ANY">
                <flow-ref doc:name="call http500" doc:id="56262177-daf6-48a1-a30f-c021af00be94" name="error-http-500-Impl-Flow" />
            </on-error-propagate>
        </error-handler>
    </flow>
    <flow name="get:\cms\v1\(env)\elasticSearch:dcu-cms-sys-api-config">
        <flow-ref doc:name="Call Variables module" doc:id="e6776c43-d56d-4565-bc5c-5b9920f2b692" name="generate-variables-Flow" />
        <flow-ref doc:name="Call ES Impl" doc:id="00158cb3-e77e-401f-a683-35ee458fe511" name="get-elasticsearch-api-Flow" />
        <error-handler>
            <on-error-propagate enableNotifications="true" logException="true" doc:name="Invalid_Uri_Param_Error" doc:id="83bd9d55-0273-4bba-bd46-68f958cff126" type="VALIDATION:INVALID_URI_PARAM">
                <flow-ref doc:name="call invalid-uri-param error" doc:id="1cce62d2-819b-40b0-8342-bea84f3e8044" name="error-invalid-uri-paramSub_Flow" />
            </on-error-propagate>
            <on-error-propagate enableNotifications="true" logException="true" doc:name="Capture_Any_Error" doc:id="9a45814f-5a56-4ca9-a70d-066cf6c80a05" type="ANY">
                <flow-ref doc:name="call http500" doc:id="70c9e454-c0bc-4c10-877c-647cc0671a57" name="error-http-500-Impl-Flow" />
            </on-error-propagate>
        </error-handler>
    </flow>
    <flow name="post:\cms\v1\(env)\elasticSrch:dcu-cms-sys-api-config">
        <flow-ref doc:name="Call Variables module" doc:id="7c21eaae-c929-413c-ac98-a76e317455da" name="generate-variables-Flow" />
        <flow-ref doc:name="Call post elasticSrch Impl" doc:id="d14c650b-e641-46d6-8d80-5043fb919607" name="post-elasticSrch-api-Flow" />
        <error-handler>
            <on-error-propagate enableNotifications="true" logException="true" doc:name="Invalid_Uri_Param_Error" doc:id="a614888b-407b-474e-ad81-c725029bf953" type="VALIDATION:INVALID_URI_PARAM">
                <flow-ref doc:name="call invalid-uri-param error" doc:id="93d960b6-2fdf-40a5-a1ce-17a565492b65" name="error-invalid-uri-paramSub_Flow" />
            </on-error-propagate>
            <on-error-propagate enableNotifications="true" logException="true" doc:name="Capture_Any_Error" doc:id="057c0d33-72ef-4449-92b0-b3fe419223a8" type="ANY">
                <flow-ref doc:name="call http50" doc:id="bfd8f63b-16ce-400b-834a-098e422ac878" name="error-http-500-Impl-Flow" />
            </on-error-propagate>
        </error-handler>
    </flow>
    <flow name="get:\health:dcu-cms-sys-api-config">
		<set-payload value='"Healthy"' doc:name="Return healthy string" doc:id="226469a8-3ecb-41f9-bbee-20be65a2b93b" />
    </flow>
	<flow name="get:\cms\v1\(env)\graphql:dcu-cms-sys-api-config" doc:id="676c15bd-f4ca-4eff-9ca8-665b4eed8104" >
		<flow-ref doc:name="Call Variables module" doc:id="91459241-476d-45a9-90c0-24d885eccd96" name="generate-variables-Flow" />
		<flow-ref doc:name="Call GQL Impl" doc:id="1d9087a8-8f59-4838-b6d1-68a4256a475c" name="get-graphql-api-Flow" />
		<error-handler >
			<on-error-propagate enableNotifications="true" logException="true" doc:name="Invalid_Uri_Param_Error" doc:id="85c924c1-92bf-4fe2-8770-89431ff9baf0" type="VALIDATION:INVALID_URI_PARAM" >
				<flow-ref doc:name="call invalid-uri-param error" doc:id="1d10653e-3667-4329-8d5a-0e95ce121521" name="error-invalid-uri-paramSub_Flow" />
			</on-error-propagate>
			<on-error-propagate enableNotifications="true" logException="true" doc:name="Capture_Any_Error" doc:id="09c33db0-c748-4312-837a-354783fdae7e" type="ANY" >
				<flow-ref doc:name="call http500" doc:id="87c41ddb-962e-474e-a263-10a2c65a2f44" name="error-http-500-Impl-Flow" />
			</on-error-propagate>
		</error-handler>
	</flow>
</mule>
