<?xml version="1.0" encoding="UTF-8"?>
<mule xmlns="http://www.mulesoft.org/schema/mule/core" xmlns:apikit="http://www.mulesoft.org/schema/mule/mule-apikit" xmlns:compression="http://www.mulesoft.org/schema/mule/compression" xmlns:doc="http://www.mulesoft.org/schema/mule/documentation" xmlns:ee="http://www.mulesoft.org/schema/mule/ee/core" xmlns:http="http://www.mulesoft.org/schema/mule/http" xmlns:xsi="http://www.w3.org/2001/XMLSchema-instance" xsi:schemaLocation="http://www.mulesoft.org/schema/mule/core http://www.mulesoft.org/schema/mule/core/current/mule.xsd http://www.mulesoft.org/schema/mule/http http://www.mulesoft.org/schema/mule/http/current/mule-http.xsd http://www.mulesoft.org/schema/mule/mule-apikit http://www.mulesoft.org/schema/mule/mule-apikit/current/mule-apikit.xsd http://www.mulesoft.org/schema/mule/ee/core http://www.mulesoft.org/schema/mule/ee/core/current/mule-ee.xsd  http://www.mulesoft.org/schema/mule/compression http://www.mulesoft.org/schema/mule/compression/current/mule-compression.xsd">
      

    <flow name="post:\cms\v1\(env)\elasticSearch:application\json:dcu-cms-exp-api-config">
		<logger level="INFO" doc:name="Logger" doc:id="b7581fa1-10f5-41e8-852c-19d4b4a794f6" />
		<flow-ref doc:name="proc-requests-handler" doc:id="8c7f58f6-013e-489c-a8fd-05ecd5730868" name="proc-requests-handler"/>
        
    </flow>
    <flow name="get:\cms\v1\(env)\elasticSearch:dcu-cms-exp-api-config">
		<logger level="INFO" doc:name="Logger" doc:id="7adf70e6-dfc8-4716-9d7f-8db41528016a" />
		<flow-ref doc:name="proc-requests-handler" doc:id="1e137611-cb17-4aeb-be78-d245007e05d3" name="proc-requests-handler"/>
       
    </flow>


</mule>
