<?xml version="1.0" encoding="UTF-8"?>
<mule xmlns="http://www.mulesoft.org/schema/mule/core" xmlns:apikit="http://www.mulesoft.org/schema/mule/mule-apikit" xmlns:compression="http://www.mulesoft.org/schema/mule/compression" xmlns:doc="http://www.mulesoft.org/schema/mule/documentation" xmlns:ee="http://www.mulesoft.org/schema/mule/ee/core" xmlns:http="http://www.mulesoft.org/schema/mule/http" xmlns:xsi="http://www.w3.org/2001/XMLSchema-instance" xsi:schemaLocation="http://www.mulesoft.org/schema/mule/core http://www.mulesoft.org/schema/mule/core/current/mule.xsd http://www.mulesoft.org/schema/mule/http http://www.mulesoft.org/schema/mule/http/current/mule-http.xsd http://www.mulesoft.org/schema/mule/mule-apikit http://www.mulesoft.org/schema/mule/mule-apikit/current/mule-apikit.xsd http://www.mulesoft.org/schema/mule/ee/core http://www.mulesoft.org/schema/mule/ee/core/current/mule-ee.xsd  http://www.mulesoft.org/schema/mule/compression http://www.mulesoft.org/schema/mule/compression/current/mule-compression.xsd">
    
	<flow name="generate-variables" doc:id="98a9c61c-61f4-4920-b05d-ac0239b36674" >
		<ee:transform doc:name="Transform Message" doc:id="a34ca314-f0c6-413d-b746-f675ec4214a7">
			<ee:message>
			</ee:message>
			<ee:variables>
				<ee:set-variable variableName="requestHeaders"><![CDATA[%dw 2.0
output application/json
---
{
	Authorization: attributes.headers.Authorization,
	indexString: attributes.headers.indexString,
	'tst-client': attributes.headers.'tst-client'
}
]]></ee:set-variable>
<ee:set-variable variableName="requestPath"><![CDATA[%dw 2.0
output application/java
---
attributes.requestPath]]></ee:set-variable>
				<ee:set-variable variableName="X-Recaptcha-Token"><![CDATA[%dw 2.0
output application/java
---
attributes.headers.'X-Recaptcha-Token']]></ee:set-variable>
				<ee:set-variable variableName="requestPayload"><![CDATA[%dw 2.0
output application/json
---
payload]]></ee:set-variable>

<!-- 
				<ee:set-variable variableName="requestUri"><![CDATA[%dw 2.0
output application/java
-&#45;&#45;
attributes.requestUri]]></ee:set-variable>
 -->
 
				<ee:set-variable variableName="queryParams" ><![CDATA[%dw 2.0
output application/java
---
attributes.queryParams]]></ee:set-variable>
				<ee:set-variable variableName="requestMethod" ><![CDATA[%dw 2.0
output application/java
---
attributes.method]]></ee:set-variable>
			</ee:variables>
		</ee:transform>
	</flow>
</mule>
