<?xml version="1.0" encoding="UTF-8"?>
<mule xmlns="http://www.mulesoft.org/schema/mule/core" xmlns:apikit="http://www.mulesoft.org/schema/mule/mule-apikit" xmlns:doc="http://www.mulesoft.org/schema/mule/documentation" xmlns:ee="http://www.mulesoft.org/schema/mule/ee/core" xmlns:http="http://www.mulesoft.org/schema/mule/http" xmlns:xsi="http://www.w3.org/2001/XMLSchema-instance" xsi:schemaLocation="http://www.mulesoft.org/schema/mule/core http://www.mulesoft.org/schema/mule/core/current/mule.xsd http://www.mulesoft.org/schema/mule/http http://www.mulesoft.org/schema/mule/http/current/mule-http.xsd http://www.mulesoft.org/schema/mule/mule-apikit http://www.mulesoft.org/schema/mule/mule-apikit/current/mule-apikit.xsd http://www.mulesoft.org/schema/mule/ee/core http://www.mulesoft.org/schema/mule/ee/core/current/mule-ee.xsd ">
	<flow name="google-captcha-verification" doc:id="2ef53469-b45f-4902-a182-77f7eb2eccfe" >
		<logger level="INFO" />
		<choice doc:name="Choice" doc:id="82d468c6-23cc-4e2a-a7e4-659535ccc1c3" >
			<when expression="#[p('captcha.enable')]">
				<ee:transform doc:name="Transform Message" doc:id="2cd79502-ff9c-43cf-8c67-421250748307">
			<ee:variables>
				<ee:set-variable variableName="googleCaptchaSecret"><![CDATA[p('secure::captcha.secret')]]></ee:set-variable>
				<ee:set-variable variableName="googleCaptchaClientIp"><![CDATA[p('captcha.client_ip')]]></ee:set-variable>
				<ee:set-variable variableName="captchaToken"><![CDATA[%dw 2.0
output application/java
---
attributes.headers.'X-Recaptcha-Token']]></ee:set-variable>
			</ee:variables>
		</ee:transform>
				<try doc:name="Try" doc:id="da290ae3-2557-490e-9275-4cc305dc8a4f" >
					<http:request method="POST" doc:name="verify-captcha-token" doc:id="f905909d-acc8-49bb-8001-16a32da47559" config-ref="captcha_httpRequestConfiguration" path="${secure::captcha.path}" target="captchaResponse">
 			
			<http:body><![CDATA[#[%dw 2.0

output application/x-www-form-urlencoded
---
{
	secret: vars.googleCaptchaSecret,
	response: vars.captchaToken
}]]]></http:body>


		</http:request>
					<error-handler >
						<on-error-continue enableNotifications="true" logException="true" doc:name="On Error Continue" doc:id="2830db6f-ef83-47ad-ba9b-dd279804ff52" type="HTTP:TIMEOUT">
							<ee:transform doc:name="Transform Message" doc:id="389fd390-4b5e-49d3-b6da-9a65f306f0c2">
						<ee:message>
						</ee:message>
								<ee:variables >
									<ee:set-variable variableName="captchaResponse" ><![CDATA[%dw 2.0
output application/json
---
{
	"success": false,
	"error-codes": [
		"timeout-or-duplicate"
	]
}]]></ee:set-variable>
								</ee:variables>
					</ee:transform>
						</on-error-continue>
						<on-error-continue enableNotifications="true" logException="true" doc:name="On Error Continue" doc:id="f0e3aad8-32fb-4dd3-a561-ce997ba8a1b9" type="HTTP:BAD_REQUEST">
							<ee:transform doc:name="Transform Message" doc:id="af86c54d-e00c-4037-b381-8565d7b70f8f">
						<ee:message>
						</ee:message>
								<ee:variables >
									<ee:set-variable variableName="captchaResponse" ><![CDATA[%dw 2.0
output application/json
---
{
	"success": false,
	"error-codes": [
		"timeout-or-duplicate"
	]
}]]></ee:set-variable>
								</ee:variables>
					</ee:transform>
						</on-error-continue>
					</error-handler>
				</try>
			</when>
			<otherwise >
				<ee:transform doc:name="captchaResponse" doc:id="ad0ee9a0-9fa3-49b2-bd4c-88ceb48b4dc1" >
			<ee:message >
			</ee:message>
			<ee:variables >
				<ee:set-variable variableName="captchaResponse" ><![CDATA[%dw 2.0
output application/json
---
{
  "success": true,
  "challenge_ts": "2024-06-28T21:34:48Z",
  "hostname": "dcu-cms-exp-api.au-s1.cloudhub.io",
  "score": 0.9,
  "action": "submit"
}]]></ee:set-variable>
			</ee:variables>
		</ee:transform>
			</otherwise>
		</choice>
		<logger level="INFO" doc:name="Logger" doc:id="6963c00f-3784-4635-96e4-7124046417ff" message="#[vars.captchaResponse]"/>

	</flow>
       
</mule>
