<?xml version="1.0" encoding="UTF-8"?>
<mule xmlns:os="http://www.mulesoft.org/schema/mule/os" xmlns="http://www.mulesoft.org/schema/mule/core" xmlns:apikit="http://www.mulesoft.org/schema/mule/mule-apikit" xmlns:compression="http://www.mulesoft.org/schema/mule/compression" xmlns:doc="http://www.mulesoft.org/schema/mule/documentation" xmlns:ee="http://www.mulesoft.org/schema/mule/ee/core" xmlns:http="http://www.mulesoft.org/schema/mule/http" xmlns:xsi="http://www.w3.org/2001/XMLSchema-instance" xsi:schemaLocation="http://www.mulesoft.org/schema/mule/core http://www.mulesoft.org/schema/mule/core/current/mule.xsd http://www.mulesoft.org/schema/mule/http http://www.mulesoft.org/schema/mule/http/current/mule-http.xsd http://www.mulesoft.org/schema/mule/mule-apikit http://www.mulesoft.org/schema/mule/mule-apikit/current/mule-apikit.xsd http://www.mulesoft.org/schema/mule/ee/core http://www.mulesoft.org/schema/mule/ee/core/current/mule-ee.xsd  http://www.mulesoft.org/schema/mule/compression http://www.mulesoft.org/schema/mule/compression/current/mule-compression.xsd
http://www.mulesoft.org/schema/mule/os http://www.mulesoft.org/schema/mule/os/current/mule-os.xsd">
 	
	
	<flow name="post:\cms\v1\(env)\graphql:application\json:dcu-cms-exp-api-config">
		<logger level="INFO" doc:name="Logger" doc:id="1fbbdd31-bfad-48a1-8437-b3ed7af400f5" />
		<flow-ref doc:name="proc-requests-handler" doc:id="0d8c1b67-4c09-4f42-93d2-51498d6ecc83" name="proc-requests-handler"/>
		<error-handler ref="service-errors-handler" />    
    </flow>


	<flow name="get:\cms\v1\(env)\graphql:dcu-cms-exp-api-config">
		<logger level="INFO" doc:name="Logger" doc:id="9fd91069-ccca-431c-9334-5f2e6c417cf4" />

		<flow-ref doc:name="proc-requests-handler" doc:id="c5c6e49d-98d1-414b-8860-02edc3d3a1e7" name="proc-requests-handler"/>
		<error-handler ref="service-errors-handler" />
    </flow>        
</mule>
