<?xml version="1.0" encoding="UTF-8"?>
<mule xmlns="http://www.mulesoft.org/schema/mule/core" xmlns:apikit="http://www.mulesoft.org/schema/mule/mule-apikit" xmlns:compression="http://www.mulesoft.org/schema/mule/compression" xmlns:doc="http://www.mulesoft.org/schema/mule/documentation" xmlns:ee="http://www.mulesoft.org/schema/mule/ee/core" xmlns:http="http://www.mulesoft.org/schema/mule/http" xmlns:xsi="http://www.w3.org/2001/XMLSchema-instance" xsi:schemaLocation="http://www.mulesoft.org/schema/mule/core http://www.mulesoft.org/schema/mule/core/current/mule.xsd http://www.mulesoft.org/schema/mule/http http://www.mulesoft.org/schema/mule/http/current/mule-http.xsd http://www.mulesoft.org/schema/mule/mule-apikit http://www.mulesoft.org/schema/mule/mule-apikit/current/mule-apikit.xsd http://www.mulesoft.org/schema/mule/ee/core http://www.mulesoft.org/schema/mule/ee/core/current/mule-ee.xsd  http://www.mulesoft.org/schema/mule/compression http://www.mulesoft.org/schema/mule/compression/current/mule-compression.xsd">
    
    <flow name="get:\health:dcu-cms-exp-api-config">
		<logger level="INFO" doc:name="Logger" doc:id="406e932f-a9e7-442d-a89f-eafb1d4dc397" />
		<ee:transform doc:name="Transform Message" doc:id="b99dd52b-26aa-41d3-b83e-542a7558a31d" >
			<ee:message >
				<ee:set-payload ><![CDATA[%dw 2.0
output application/json
---
{
	appName: p('api.appName'),
	appVersion: p('api.appVersion'),
	environment: p('mule.env'),
	status: "ACTIVE"
}]]></ee:set-payload>
			</ee:message>
		</ee:transform>

    </flow>
</mule>
