<?xml version="1.0" encoding="UTF-8"?>
<mule xmlns:os="http://www.mulesoft.org/schema/mule/os" xmlns="http://www.mulesoft.org/schema/mule/core" xmlns:apikit="http://www.mulesoft.org/schema/mule/mule-apikit" xmlns:compression="http://www.mulesoft.org/schema/mule/compression" xmlns:doc="http://www.mulesoft.org/schema/mule/documentation" xmlns:ee="http://www.mulesoft.org/schema/mule/ee/core" xmlns:http="http://www.mulesoft.org/schema/mule/http" xmlns:xsi="http://www.w3.org/2001/XMLSchema-instance" xsi:schemaLocation="http://www.mulesoft.org/schema/mule/core http://www.mulesoft.org/schema/mule/core/current/mule.xsd http://www.mulesoft.org/schema/mule/http http://www.mulesoft.org/schema/mule/http/current/mule-http.xsd http://www.mulesoft.org/schema/mule/mule-apikit http://www.mulesoft.org/schema/mule/mule-apikit/current/mule-apikit.xsd http://www.mulesoft.org/schema/mule/ee/core http://www.mulesoft.org/schema/mule/ee/core/current/mule-ee.xsd  http://www.mulesoft.org/schema/mule/compression http://www.mulesoft.org/schema/mule/compression/current/mule-compression.xsd
http://www.mulesoft.org/schema/mule/os http://www.mulesoft.org/schema/mule/os/current/mule-os.xsd">

	<flow name="proc-requests-handler" doc:id="29befda9-f99f-4b24-9c76-05906951c314">
	
		<flow-ref doc:name="generate-variables" doc:id="328cd35e-0987-4a19-9d8a-6d5e23a23c08" name="generate-variables"/>
		<flow-ref doc:name="google-captcha-verification" doc:id="dce0a347-494e-44f4-a855-7801bfff9a9b" name="google-captcha-verification"/>
		<choice doc:name="Choice" doc:id="41a85244-7cd6-43c0-8577-834e63aa99b1" >
			<when expression="#[vars.captchaResponse.success]">
				<logger level="INFO" doc:name="Logger" doc:id="17a51e94-dba2-407f-b1db-4a8644305e89" message="=Catcha token is valid====================================================================================="/>
			</when>
			<otherwise >
				<raise-error doc:name="Raise SECURITY:INVALID_CAPTCHA Error" doc:id="d9543219-0468-4fdd-9535-835fde171191" type="SECURITY:INVALID_CAPTCHA" description="Raise SECURITY:INVALID_CAPTCHA Error"/>
			</otherwise>
		</choice>
		<choice doc:name="Choice" doc:id="5e8ef8cb-38da-4e00-9577-72be2e422fe2" >
			<when expression="#[p('cache.enable')]">
				<ee:cache doc:name="Cache" doc:id="2fe9c7b5-b335-4639-9a7c-49798b9daeb6" cachingStrategy-ref="GET_Caching_Strategy" filterExpression="#[vars.requestUri]">
			<http:request method="#[vars.requestMethod]" doc:name="Request-to-Proc" doc:id="a04b9b50-edb2-4a99-9576-1e7dc0d7a12c" config-ref="dcu-cms-proc-api_httpRequestConfiguration" path="#[vars.requestPath]">
			<http:body><![CDATA[#[vars.requestPayload]]]></http:body>
			<http:headers><![CDATA[#[vars.requestHeaders]]]></http:headers>
			<http:query-params><![CDATA[#[vars.queryParams]]]></http:query-params>
		</http:request>
		</ee:cache>
			</when>
			<otherwise >
				<http:request method="#[vars.requestMethod]" doc:name="Request-to-Proc" doc:id="10c92297-2fec-4bf0-936a-f9027eefa409" config-ref="dcu-cms-proc-api_httpRequestConfiguration" path="#[vars.requestPath]">
						<http:body><![CDATA[#[vars.requestPayload]]]></http:body>
						<http:headers><![CDATA[#[vars.requestHeaders]]]></http:headers>
						<http:query-params><![CDATA[#[vars.queryParams]]]></http:query-params>
					</http:request>
			</otherwise>
		</choice>
		<logger level="INFO" doc:name="Logger" doc:id="f0a64e04-06f1-4d6f-9ad7-84e60dc91c5c" message="#[payload]"/>
		<logger level="INFO" doc:name="Logger" doc:id="6a8e3e39-8316-4a11-9cae-1da2a5951916" message="=====End of response from Proc API =========================================================================="/>
		<error-handler ref="service-errors-handler" />
    </flow>  
	
	      
</mule>
