<?xml version="1.0" encoding="UTF-8"?>

<mule xmlns:compression="http://www.mulesoft.org/schema/mule/compression" xmlns:ee="http://www.mulesoft.org/schema/mule/ee/core"
	xmlns:http="http://www.mulesoft.org/schema/mule/http"
	xmlns="http://www.mulesoft.org/schema/mule/core" xmlns:doc="http://www.mulesoft.org/schema/mule/documentation" xmlns:xsi="http://www.w3.org/2001/XMLSchema-instance" xsi:schemaLocation="http://www.mulesoft.org/schema/mule/core http://www.mulesoft.org/schema/mule/core/current/mule.xsd
http://www.mulesoft.org/schema/mule/http http://www.mulesoft.org/schema/mule/http/current/mule-http.xsd
http://www.mulesoft.org/schema/mule/ee/core http://www.mulesoft.org/schema/mule/ee/core/current/mule-ee.xsd
http://www.mulesoft.org/schema/mule/compression http://www.mulesoft.org/schema/mule/compression/current/mule-compression.xsd">
	<flow name="get-elasticsearch-sys-api-Flow" doc:id="be04b39f-9c20-4b82-a9d2-13a52ace9687" >
		<logger level="INFO" doc:name="Flow Start" doc:id="e3fae006-0794-4008-b5f1-23780228d6d2" message="#[vars.correlationId] | Get #[vars.flowname] | Flow Start"/>
		<logger level="DEBUG" doc:name="Debug Api Request" doc:id="4f0c2f54-95de-4ec6-bab4-ab014ac3bb16" message="#[vars.correlationId] :: Get #[vars.flowname] :: API Request #[vars.params]"/>
		<http:request method="${secure::dcu.http.sys.gmethod}" doc:name="Send ES call to sys api" doc:id="d479d368-c8a9-4beb-934b-d44ee17c29c0" config-ref="dcu-sys-http-config" path="#[vars.cms_uri_path]" sendBodyMode="ALWAYS" sendCorrelationId="ALWAYS" correlationId="#[vars.correlationId]" responseTimeout="${secure::dcu.http.sys.timeout.response}">
					<http:body ><![CDATA[#[""]]]></http:body>
			<http:headers><![CDATA[#[output application/java
---
{
	"indexString" : attributes.headers.indexstring,
	"client_secret" : "${secure::dcu.http.sys.header.clientsec}",
	"Accept" : attributes.headers.accept,
	"Accept-Encoding" : attributes.headers.'accept-encoding',
	"client_id" : "${secure::dcu.http.sys.header.clientid}"
}]]]></http:headers>
			<http:query-params ><![CDATA[#[output application/java
---
{
	"source" : attributes.queryParams.source,
	"source_content_type" : attributes.queryParams.source_content_type
}]]]></http:query-params>
		</http:request>
		<set-variable value="#[attributes.headers]" doc:name="Set Sys API response Headers" doc:id="287ca7cf-076e-4445-8183-0da9d8cec337" variableName="sysHeaders"/>
		<logger level="DEBUG" doc:name="Debug Elastic Search Api Response" doc:id="47d5735c-eb59-4f73-bb75-57f7b4d12b71" message="#[vars.correlationId] :: Get #[vars.flowname] :: StatusCode: #[attributes.statusCode] :: DCU Elastic Search Api Raw Response #[payload]" />
		<logger level="INFO" doc:name="Flow Complete" doc:id="c7c28e3b-f109-413c-b535-456b1acd400e" message="#[vars.correlationId] | Get #[vars.flowname] | Flow Complete" />
	</flow>
</mule>
