<?xml version="1.0" encoding="UTF-8"?>

<mule xmlns:http="http://www.mulesoft.org/schema/mule/http" xmlns:ee="http://www.mulesoft.org/schema/mule/ee/core"
	xmlns="http://www.mulesoft.org/schema/mule/core"
	xmlns:doc="http://www.mulesoft.org/schema/mule/documentation" xmlns:xsi="http://www.w3.org/2001/XMLSchema-instance" xsi:schemaLocation="http://www.mulesoft.org/schema/mule/core http://www.mulesoft.org/schema/mule/core/current/mule.xsd
http://www.mulesoft.org/schema/mule/ee/core http://www.mulesoft.org/schema/mule/ee/core/current/mule-ee.xsd
http://www.mulesoft.org/schema/mule/http http://www.mulesoft.org/schema/mule/http/current/mule-http.xsd">
	<flow name="post-graphql-api-Flow" doc:id="cce68719-5ed3-4dbe-a7b5-2379e6440482" >
		<logger level="INFO" doc:name="Flow Start" doc:id="960a7881-c00c-4624-a6fe-c7327d4de45b" message="#[vars.correlationId] | Post #[vars.flowname] | Flow Start"/>
		<logger level="DEBUG" doc:name="Debug Api Request" doc:id="9c4b4a33-5b59-46a9-88a1-72342712f1e5" message="#[vars.correlationId] :: Post #[vars.flowname] :: API Request #[vars.params]"/>
		<http:request method="${secure::dcu.http.sys.method}" doc:name="Send graphQL API Request" doc:id="655a42dd-952e-4100-b8be-8286ba0d948b" config-ref="dcu-sys-http-config" path="#[vars.cms_uri_path]" sendBodyMode="ALWAYS" sendCorrelationId="ALWAYS" correlationId="#[vars.correlationId]">
			<http:headers ><![CDATA[#[output application/java
---
{
	"client_secret" : "${secure::dcu.http.sys.header.clientsec}",
	"client_id" : "${secure::dcu.http.sys.header.clientid}"
}]]]></http:headers>
		</http:request>
		<set-variable value="#[attributes.headers]" doc:name="Set Sys API response Headers" doc:id="99b1b1c3-aaf5-433d-a5f3-58fab8ae6567" variableName="sysHeaders"/>
		<logger level="DEBUG" doc:name="Debug graphQL Api Response" doc:id="b6f7e22f-3ae3-470b-a2a9-84f73859645e" message="#[vars.correlationId] :: Post #[vars.flowname] :: StatusCode: #[attributes.statusCode] :: Raw Response #[payload]"/>
		<logger level="INFO" doc:name="Flow Complete" doc:id="17d6c612-fc8a-4262-b087-d5681ae1a611" message="#[vars.correlationId] | Post #[vars.flowname] | Flow Complete"/>
	</flow>
</mule>
