<?xml version="1.0" encoding="UTF-8"?>

<mule xmlns:tls="http://www.mulesoft.org/schema/mule/tls"
	xmlns:ee="http://www.mulesoft.org/schema/mule/ee/core" xmlns:http="http://www.mulesoft.org/schema/mule/http"
	xmlns="http://www.mulesoft.org/schema/mule/core"
	xmlns:doc="http://www.mulesoft.org/schema/mule/documentation" xmlns:xsi="http://www.w3.org/2001/XMLSchema-instance" 
	xmlns:secure-properties="http://www.mulesoft.org/schema/mule/secure-properties" 
	xsi:schemaLocation="
http://www.mulesoft.org/schema/mule/tls http://www.mulesoft.org/schema/mule/tls/current/mule-tls.xsd http://www.mulesoft.org/schema/mule/core http://www.mulesoft.org/schema/mule/core/current/mule.xsd
http://www.mulesoft.org/schema/mule/http http://www.mulesoft.org/schema/mule/http/current/mule-http.xsd
http://www.mulesoft.org/schema/mule/ee/core http://www.mulesoft.org/schema/mule/ee/core/current/mule-ee.xsd
http://www.mulesoft.org/schema/mule/secure-properties http://www.mulesoft.org/schema/mule/secure-properties/current/mule-secure-properties.xsd">

	<secure-properties:config name="Secure_Properties_Config" doc:name="Secure Properties Config" doc:id="8da543bd-3d70-4f24-9ffd-037ba30932de" file="properties/${mule.env}.yaml" key="${runtime.key}" doc:description="properties/${mule.env}.yaml, ${runtime.key}">
		<secure-properties:encrypt algorithm="Blowfish" />
	</secure-properties:config>

	<tls:context name="TLS-Context">
		<tls:key-store type="jks" path="${secure::http.listener.keystore.path}" keyPassword="${secure::http.listener.keystore.keyPassword}" password="${secure::http.listener.keystore.keyStorePass}" alias="${secure::http.listener.keystore.alias}" />
	</tls:context>

	<http:listener-config name="dcu-cms-exp-api-client-httpListenerConfig" doc:name="HTTP Listener config" doc:id="665a3b02-c210-4c24-89ed-271618a57503" >
		<http:listener-connection host="${secure::http.listener.host}" port="${secure::http.listener.port}" protocol="HTTPS" tlsContext="TLS-Context" connectionIdleTimeout="${secure::http.listener.timeout.idle}"/>
	</http:listener-config>
		
</mule>
